{
  "reward_comparison": {
    "unconditional_mean": 0.24653666628420334,
    "conditional_mean": 0.24706572201128177,
    "unconditional_std": 0.14342458346448278,
    "conditional_std": 0.14358869293316684,
    "t_statistic": -0.006897050096396224,
    "p_value": 0.9945943110892131
  },
  "pareto_comparison": {
    "unconditional_mean": 0.065,
    "conditional_mean": 0.052500000000000005,
    "t_statistic": 0.8095867536036435,
    "p_value": 0.4317231429509356
  },
  "diversity_comparison": {
    "unconditional_mean": 2.7074879548761466,
    "conditional_mean": 2.6539602051901827,
    "t_statistic": 1.7680474094074605,
    "p_value": 0.09882919785483367
  },
  "extreme_case_analysis": {
    "unconditional_mean_reward": 0.21501708450911283,
    "conditional_mean_reward": 0.20831173949218965,
    "improvement_ratio": 0.9688148268207079
  },
  "consistency_analysis": {
    "unconditional_reward_std": 0.06517272449417905,
    "conditional_reward_std": 0.06619766637438135,
    "consistency_improvement": 0.9845169484615102
  }
}