{"std_edit_distance":3.6856561563284753,"_timestamp":1.7515433354320993e+09,"_runtime":157.642838546,"_step":0,"_wandb":{"runtime":157},"edit_distance_distribution":{"format":"png","width":2100,"height":1500,"_type":"image-file","sha256":"e12798b0fd2a7243610c63f0a776711fbcadac7ad211fb23f2ad18183734942d","size":113861,"path":"media/images/edit_distance_distribution_0_e12798b0fd2a7243610c.png"},"mean_edit_distance":25.933333333333334}