{"_timestamp":1.7515415195191915e+09,"_runtime":1133.445944194,"_step":0,"_wandb":{"runtime":1134},"edit_distance_distribution":{"_type":"image-file","sha256":"14723c83e7e6ba24314582bf8517bf192d9cab63bd5c90ad3897614c0f6c0d37","size":29226,"path":"media/images/edit_distance_distribution_0_14723c83e7e6ba243145.png","format":"png","width":600,"height":400},"mean_edit_distance":16.74942528735632,"std_edit_distance":2.774136442758126}