{"mean_edit_distance":19.855172413793102,"std_edit_distance":3.165139085418459,"_timestamp":1.7515425668977385e+09,"_runtime":158.732148458,"_wandb":{"runtime":158},"_step":0,"edit_distance_distribution":{"sha256":"290ca630260d6622b65171c3dc641bf22e4954acf058ecb6ff2504e8627e73b8","size":29903,"path":"media/images/edit_distance_distribution_0_290ca630260d6622b651.png","format":"png","width":600,"height":400,"_type":"image-file"}}