{"_wandb":{"runtime":160},"_timestamp":1.7515436935449638e+09,"_runtime":160.390301039,"_step":0,"edit_distance_distribution":{"height":1500,"_type":"image-file","sha256":"ff5263905f054887a0d2de6e7f1ea76244d79e911910b5412c7d68a78dc42027","size":114609,"path":"media/images/edit_distance_distribution_0_ff5263905f054887a0d2.png","format":"png","width":2100},"mean_edit_distance":22.93103448275862,"std_edit_distance":3.0894447793718456}