{"edit_distance_distribution":{"size":30242,"path":"media/images/edit_distance_distribution_0_54706e6ff16f322f0ee6.png","format":"png","width":600,"height":400,"_type":"image-file","sha256":"54706e6ff16f322f0ee67f9f8f39770895872d0dbe5917b8ab5508f8d35ef03b"},"_wandb":{"runtime":158},"mean_edit_distance":16.367816091954023,"std_edit_distance":2.8971446209472487,"_timestamp":1.7515402460802186e+09,"_runtime":157.92538421,"_step":0}