{"_runtime":157.043151347,"_step":0,"_wandb":{"runtime":157},"edit_distance_distribution":{"size":30123,"path":"media/images/edit_distance_distribution_0_1a3b1abeee505df96520.png","format":"png","width":600,"height":400,"_type":"image-file","sha256":"1a3b1abeee505df96520cc6c71a25361e0db0360cbed8cc4a1debc7b71e474d7"},"mean_edit_distance":14.436781609195402,"std_edit_distance":2.751388988510814,"_timestamp":1.7515429225096326e+09}