{"_timestamp":1.7514434162931662e+09,"_runtime":244.0151769,"_step":0,"_wandb":{"runtime":244},"edit_distance_distribution":{"width":600,"height":400,"_type":"image-file","sha256":"87cf691c7b6f0bcec96894bc8da92e4131f613536005c0c3ff12a11d0570cec5","size":25939,"path":"media/images/edit_distance_distribution_0_87cf691c7b6f0bcec968.png","format":"png"},"mean_edit_distance":12.209195402298851,"std_edit_distance":2.8486589780653273}