{"_runtime":1539.927608598,"_step":0,"edit_distance_distribution":{"sha256":"9109314efa60949b463812a71bca030ac55ff9c861c37e936d83d5e7404e6960","size":115449,"path":"media/images/edit_distance_distribution_0_9109314efa60949b4638.png","format":"png","width":2100,"height":1500,"_type":"image-file"},"_wandb":{"runtime":1540},"mean_edit_distance":26.239080459770115,"std_edit_distance":3.798709893581661,"_timestamp":1.7515459269741104e+09}